"";"species";"normalised.degree";"PDI";"species.specificity.index";"effective.partners";"biomes";"Host_Status"
"1";"Adelomyia_melanogenys";0,142857142857143;0,0610486211901306;0,785092470514561;1,71865647652052;"Andinean_Forest";"R"
"2";"Amazilia_alticola";0,0714285714285714;0,0188679245283019;1;1;"Andinean_Forest";"R"
"3";"Amblycercus_holosericeus";0,0714285714285714;0,0188679245283019;1;1;"Andinean_Forest";"R"
"4";"Ammodramus_humeralis";0,25;0,184585446587307;0,540725721748901;2,91453433288524;"Caatinga";"R"
"5";"Ammodramus_humeralis";0,238095238095238;0,192374447093117;0,510145292628611;3,98179276869054;"Cerrado";"R"
"6";"Anisognathus_somptuosus";0,0714285714285714;0,0454545454545455;1;1;"Andinean_Forest";"R"
"7";"Aratinga_aurea";0,0476190476190476;0,0303030303030303;1;1;"Cerrado";"R"
"8";"Arremon_taciturnus";0,0588235294117647;0,242512077294686;1;1;"Amazonia";"R"
"9";"Arremon_taciturnus";0,0588235294117647;0,121256038647343;1;1;"Mata_Atlantica";"R"
"10";"Atlapetes_albinucha";0,0714285714285714;0,0909090909090909;1;1;"Andinean_Forest";"R"
"11";"Attila_spadiceus";0,0588235294117647;0,0769230769230769;1;1;"Amazonia";"R"
"12";"Automolus_infuscatus";0,0588235294117647;0,0769230769230769;1;1;"Amazonia";"R"
"13";"Automolus_rufipileatus";0,0588235294117647;0,121256038647343;1;1;"Amazonia";"R"
"14";"Basileuterus_coronatus";0,142857142857143;0,175901022054868;0,74164447210877;1,83777736178941;"Andinean_Forest";"R"
"15";"Basileuterus_culicivorus";0,0952380952380952;0,202589763177998;0,801535700551644;1,68854926444048;"Cerrado";"R"
"16";"Basileuterus_culicivorus";0,0588235294117647;0,410893812070283;1;1;"Mata_Atlantica";"R"
"17";"Basileuterus_flaveolus";0,0833333333333333;0,121256038647343;1;1;"Caatinga";"R"
"18";"Basileuterus_flaveolus";0,238095238095238;0,441789264479482;0,497891830916327;4,06152066696528;"Cerrado";"R"
"19";"Basileuterus_trifasciatus";0,0714285714285714;0,0188679245283019;1;1;"Andinean_Forest";"R"
"20";"Basileuterus_tristriatus";0,0714285714285714;0,0769230769230769;1;1;"Andinean_Forest";"R"
"21";"Boissonneaua_matthewsii";0,0714285714285714;0,0188679245283019;1;1;"Andinean_Forest";"R"
"22";"Buarremon_torquatus";0,0714285714285714;0,0188679245283019;1;1;"Andinean_Forest";"R"
"23";"Bucco_tamatia";0,0588235294117647;0,0909090909090909;1;1;"Amazonia";"R"
"24";"Cacicus_solitarius";0,0588235294117647;0,121256038647343;1;1;"Mata_Atlantica";"R"
"25";"Camptostoma_obsoletum";0,0833333333333333;0,0909090909090909;1;1;"Caatinga";"R"
"26";"Camptostoma_obsoletum";0,0476190476190476;0,0982142857142857;1;1;"Cerrado";"R"
"27";"Campylorhamphus_trochilirostris";0,0476190476190476;0,0982142857142857;1;1;"Cerrado";"R"
"28";"Campylorhynchus_fasciatus";0,0714285714285714;0,0188679245283019;1;1;"Andinean_Forest";"R"
"29";"Cantorchilus_longirostris";0,0476190476190476;0,121256038647343;1;1;"Cerrado";"R"
"30";"Cantorchilus_longirostris";0,117647058823529;0,159465271015904;0,925109219028256;1,29933377622436;"Mata_Atlantica";"R"
"31";"Capsiempis_flaveola";0,0476190476190476;0,166666666666667;1;1;"Cerrado";"R"
"32";"Casiornis_fuscus";0,0833333333333333;0,410893812070283;1;1;"Caatinga";"PM"
"33";"Casiornis_fuscus";0,0476190476190476;0,333333333333333;1;1;"Cerrado";"PM"
"34";"Celeus_flavescens";0,0476190476190476;0,0285714285714286;1;1;"Cerrado";"R"
"35";"Chiroxiphia_pareola";0,0588235294117647;0,2;1;1;"Amazonia";"R"
"36";"Chiroxiphia_pareola";0,0588235294117647;0,0982142857142857;1;1;"Mata_Atlantica";"R"
"37";"Chlorophanes_spiza";0,0714285714285714;0,0769230769230769;1;1;"Andinean_Forest";"R"
"38";"Cinnycerthia_unirufa";0,0714285714285714;0,0188679245283019;1;1;"Andinean_Forest";"R"
"39";"Cnemotriccus_fuscatus";0,0588235294117647;0,205446906035141;1;1;"Amazonia";"R"
"40";"Cnemotriccus_fuscatus";0,0952380952380952;1,64214667685256;0,982207251422333;1,09032230113482;"Cerrado";"R"
"41";"Cnemotriccus_fuscatus";0,0588235294117647;0,0126582278481013;1;1;"Mata_Atlantica";"R"
"42";"Coccyzus_melacoryphus";0,0588235294117647;0,0126582278481013;1;1;"Mata_Atlantica";"M"
"43";"Coeligena_coeligena";0,0714285714285714;0,0377358490566038;1;1;"Andinean_Forest";"R"
"44";"Coeligena_iris";0,0714285714285714;0,0188679245283019;1;1;"Andinean_Forest";"R"
"45";"Coeligena_torquata";0,142857142857143;0,019381954523464;0,680336748115035;1,99754976001869;"Andinean_Forest";"R"
"46";"Coereba_flaveola";0,0588235294117647;0,0982142857142857;1;1;"Amazonia";"R"
"47";"Coereba_flaveola";0,0833333333333333;0,16025641025641;1;1;"Caatinga";"R"
"48";"Coereba_flaveola";0,0952380952380952;0,477011334076551;0,779734960635223;1,7515775673548;"Cerrado";"R"
"49";"Coereba_flaveola";0,235294117647059;0,461485027357041;0,646076611058649;2,64115997983986;"Mata_Atlantica";"R"
"50";"Colibri_thalassinus";0,0714285714285714;0,0188679245283019;1;1;"Andinean_Forest";"R"
"51";"Columbina_minuta";0,333333333333333;0,846943817052513;0,581372711892388;2,8682381707829;"Caatinga";"R"
"52";"Columbina_minuta";0,0476190476190476;0,0144927536231884;1;1;"Cerrado";"R"
"53";"Columbina_minuta";0,0588235294117647;0,0833333333333333;1;1;"Mata_Atlantica";"R"
"54";"Columbina_passerina";0,0588235294117647;0,916666666666667;1;1;"Amazonia";"R"
"55";"Columbina_passerina";0,176470588235294;0,0790336635479728;0,610355355787208;2,68070153417128;"Mata_Atlantica";"R"
"56";"Columbina_picui";0,166666666666667;0,059864953886693;0,726461860037641;1,8672339474207;"Caatinga";"R"
"57";"Columbina_picui";0,0476190476190476;0,125;1;1;"Cerrado";"R"
"58";"Columbina_squammata";0,0476190476190476;0,16025641025641;1;1;"Cerrado";"R"
"59";"Columbina_talpacoti";0,0476190476190476;0,205446906035141;1;1;"Cerrado";"R"
"60";"Columbina_talpacoti";0,0588235294117647;0,5;1;1;"Mata_Atlantica";"R"
"61";"Conopophaga_aurita";0,0588235294117647;0,1;1;1;"Amazonia";"R"
"62";"Conopophaga_lineata";0,0588235294117647;0,571428571428571;1;1;"Mata_Atlantica";"R"
"63";"Conopophaga_melanops";0,0588235294117647;0,0588235294117647;1;1;"Mata_Atlantica";"R"
"64";"Coryphospingus_cucullatus";0,0952380952380952;0,197434085522321;0,694994029896159;1,9847494334274;"Cerrado";"R"
"65";"Coryphospingus_pileatus";0,25;0,599244302934143;0,596612138895293;2,68528161384233;"Caatinga";"R"
"66";"Coryphospingus_pileatus";0,0952380952380952;0,0936688311688312;0,689770474761293;1,99850817046897;"Cerrado";"R"
"67";"Cranioleuca_antisiensis";0,0714285714285714;0,0188679245283019;1;1;"Andinean_Forest";"R"
"68";"Creurgops_verticalis";0,0714285714285714;0,0769230769230769;1;1;"Andinean_Forest";"R"
"69";"Cyanocorax_cyanopogon";0,0588235294117647;0,0126582278481013;1;1;"Mata_Atlantica";"R"
"70";"Cyclarhis_gujanensis";0,0833333333333333;0,121256038647343;1;1;"Caatinga";"R"
"71";"Cyclarhis_gujanensis";0,117647058823529;0,120464899406837;0,904500653571276;1,36736229456611;"Mata_Atlantica";"R"
"72";"Cyphorhinus_arada";0,0588235294117647;0,242512077294686;1;1;"Amazonia";"R"
"73";"Cypsnagra_hirundinacea";0,0952380952380952;0,969685990338164;0,711717742392146;1,94021495531743;"Cerrado";"R"
"74";"Dacnis_cayana";0,0476190476190476;0,0982142857142857;1;1;"Cerrado";"R"
"75";"Dacnis_cayana";0,0588235294117647;0,16025641025641;1;1;"Mata_Atlantica";"R"
"76";"Dendrocincla_fuliginosa";0,0588235294117647;0,214285714285714;1;1;"Amazonia";"R"
"77";"Dendrocolaptes_certhia";0,117647058823529;0,199765087853323;0,740340520101403;1,85239747996836;"Amazonia";"R"
"78";"Dendroplex_picus";0,0588235294117647;0,0126582278481013;1;1;"Mata_Atlantica";"R"
"79";"Dichrozona_cincta";0,0588235294117647;0,115384615384615;1;1;"Amazonia";"R"
"80";"Diglossa_albilatera";0,0714285714285714;0,0208333333333333;1;1;"Andinean_Forest";"R"
"81";"Diglossa_caerulescens";0,0714285714285714;0,0454545454545455;1;1;"Andinean_Forest";"R"
"82";"Diglossa_cyanea";0,0714285714285714;0,541666666666667;1;1;"Andinean_Forest";"R"
"83";"Diglossopis_caerulescens";0,0714285714285714;0,0188679245283019;1;1;"Andinean_Forest";"R"
"84";"Dryocopus_lineatus";0,0476190476190476;0,0285714285714286;1;1;"Cerrado";"R"
"85";"Dysithamnus_mentalis";0,0588235294117647;0,0909090909090909;1;1;"Mata_Atlantica";"R"
"86";"Dysithamnus_plumbeus";0,0588235294117647;0,636363636363636;1;1;"Mata_Atlantica";"R"
"87";"Elaenia_albiceps";0,142857142857143;0,0754716981132075;0,811985515574198;1,6424232223263;"Andinean_Forest";"R"
"88";"Elaenia_albiceps";0,235294117647059;0,583002532287619;0,600863443280372;2,94793326572737;"Mata_Atlantica";"R"
"89";"Elaenia_chilensis";0,166666666666667;0,211688311688312;0,879496266932547;1,43650137573418;"Caatinga";"M"
"90";"Elaenia_chilensis";0,176470588235294;0,0799653405666064;0,641546390345754;2,5636492678759;"Mata_Atlantica";"M"
"91";"Elaenia_chiriquensis";0,142857142857143;0,61188184364655;0,872242012227526;1,58210891906437;"Cerrado";"PM"
"92";"Elaenia_cristata";0,0952380952380952;1,43661319073084;0,978548933187172;1,10572956918181;"Cerrado";"R"
"93";"Elaenia_cristata";0,235294117647059;0,22526114062816;0,559241836028845;3,11825972697917;"Mata_Atlantica";"R"
"94";"Elaenia_flavogaster";0,0588235294117647;0,0126582278481013;1;1;"Mata_Atlantica";"R"
"95";"Elaenia_mesoleuca";0,0588235294117647;0,205446906035141;1;1;"Mata_Atlantica";"R"
"96";"Elaenia_pallatangae";0,0714285714285714;0,0188679245283019;1;1;"Andinean_Forest";"R"
"97";"Elaenia_parvirostris";0,0588235294117647;0,133333333333333;1;1;"Amazonia";"PM"
"98";"Empidonomus_varius";0,166666666666667;0,197871148459384;0,743019808051723;1,82369812120333;"Caatinga";"PM"
"99";"Epinecrophylla_erythrura";0,0588235294117647;0,0666666666666667;1;1;"Amazonia";"R"
"100";"Epinecrophylla_haematonota";0,0588235294117647;0,0769230769230769;1;1;"Amazonia";"R"
"101";"Eriocnemis_cupreoventris";0,0714285714285714;0,0188679245283019;1;1;"Andinean_Forest";"R"
"102";"Eriocnemis_derbyi";0,0714285714285714;0,0188679245283019;1;1;"Andinean_Forest";"R"
"103";"Eriocnemis_vestita";0,142857142857143;0,069977192618702;0,802486411472734;1,66957503896888;"Andinean_Forest";"R"
"104";"Euphonia_violacea";0,0476190476190476;0,0285714285714286;1;1;"Cerrado";"R"
"105";"Formicivora_melanogaster";0,0476190476190476;0,121256038647343;1;1;"Cerrado";"R"
"106";"Formicivora_melanogaster";0,0588235294117647;0,0253164556962025;1;1;"Mata_Atlantica";"R"
"107";"Furnarius_leucopus";0,0714285714285714;0,0188679245283019;1;1;"Andinean_Forest";"R"
"108";"Furnarius_leucopus";0,0833333333333333;0,205446906035141;1;1;"Caatinga";"R"
"109";"Galbula_cyanicollis";0,117647058823529;0,17701048951049;0,745696197909265;1,83777736178941;"Amazonia";"R"
"110";"Geotrygon_montana";0,0588235294117647;0,0476190476190476;1;1;"Amazonia";"R"
"111";"Glyphorynchus_spirurus";0,0588235294117647;0,285714285714286;1;1;"Amazonia";"R"
"112";"Glyphorynchus_spirurus";0,0588235294117647;0,181818181818182;1;1;"Mata_Atlantica";"R"
"113";"Gnorimopsar_chopi";0,0476190476190476;0,0384615384615385;1;1;"Cerrado";"R"
"114";"Gymnopithys_leucaspis";0,176470588235294;0,0913690476190476;0,551225906502951;2,95049357218427;"Amazonia";"R"
"115";"Gymnopithys_rufigula";0,0588235294117647;0,214285714285714;1;1;"Amazonia";"R"
"116";"Gymnopithys_salvini";0,176470588235294;0,133241758241758;0,571529606000406;2,86300222075691;"Amazonia";"R"
"117";"Haplospiza_unicolor";0,0588235294117647;0,205446906035141;1;1;"Mata_Atlantica";"R"
"118";"Heliangelus_viola";0,0714285714285714;0,0188679245283019;1;1;"Andinean_Forest";"R"
"119";"Heliodoxa_rubinoides";0,0714285714285714;0,0377358490566038;1;1;"Andinean_Forest";"R"
"120";"Hellmayrea_gularis";0,0714285714285714;0,0188679245283019;1;1;"Andinean_Forest";"R"
"121";"Hemispingus_superciliaris";0,0714285714285714;0,0714285714285714;1;1;"Andinean_Forest";"R"
"122";"Hemithraupis_guira";0,0476190476190476;0,121256038647343;1;1;"Cerrado";"R"
"123";"Hemitriccus_margaritaceiventer";0,117647058823529;0,157882992534891;0,819086209989319;1,62985041693608;"Mata_Atlantica";"R"
"124";"Herpsilochmus_pectoralis";0,0588235294117647;0,0253164556962025;1;1;"Mata_Atlantica";"R"
"125";"Herpsilochmus_sellowi";0,117647058823529;0,080168776371308;0,707391688391941;1,94070828320502;"Mata_Atlantica";"R"
"126";"Hylexetastes_perrotii";0,0588235294117647;0,0476190476190476;1;1;"Amazonia";"R"
"127";"Hylophilus_amaurocephalus";0,0476190476190476;0,0285714285714286;1;1;"Cerrado";"R"
"128";"Hylophilus_amaurocephalus";0,117647058823529;0,0361889692585895;0,692356429570137;1,98006610364698;"Mata_Atlantica";"R"
"129";"Hylophylax_naevius";0,117647058823529;0,0951923076923077;0,69122230850368;1,98301076427603;"Amazonia";"R"
"130";"Hylophylax_naevius";0,142857142857143;0,0940828402366864;0,686075384263457;1,98301076427603;"Andinean_Forest";"R"
"131";"Hypocnemis_cantator";0,0588235294117647;0,0666666666666667;1;1;"Amazonia";"R"
"132";"Hypocnemis_cantator";0,0714285714285714;0,0666666666666667;1;1;"Andinean_Forest";"R"
"133";"Hypocnemis_striata";0,294117647058824;0,177308108558109;0,427766000890872;4,67166018763748;"Amazonia";"R"
"134";"Hypocnemis_subflava";0,0588235294117647;0,121256038647343;1;1;"Amazonia";"R"
"135";"Icterus_mesomelas";0,0714285714285714;0,0188679245283019;1;1;"Andinean_Forest";"R"
"136";"Iridosornis_analis";0,0714285714285714;0,384615384615385;1;1;"Andinean_Forest";"R"
"137";"Lafresnaya_lafresnayi";0,0714285714285714;0,0188679245283019;1;1;"Andinean_Forest";"R"
"138";"Lanio_cucullatus";0,0588235294117647;0,0982142857142857;1;1;"Mata_Atlantica";"R"
"139";"Lanio_pileatus";0,416666666666667;0,816305428083503;0,538444810680132;3,72156940897599;"Caatinga";"R"
"140";"Lanio_pileatus";0,238095238095238;0,613704212454212;0,586032588478631;3,36971188058401;"Cerrado";"R"
"141";"Lathrotriccus_euleri";0,0476190476190476;0,821787624140565;1;1;"Cerrado";"PM"
"142";"Leiothlypis_peregrina";0,0714285714285714;0,0188679245283019;1;1;"Andinean_Forest";"M"
"143";"Lepidocolaptes_angustirostris";0,0476190476190476;0,0833333333333333;1;1;"Cerrado";"R"
"144";"Lepidocolaptes_lacrymiger";0,0714285714285714;0,0188679245283019;1;1;"Andinean_Forest";"R"
"145";"Lepidothrix_coronata";0,235294117647059;0,374404761904762;0,494502987077119;3,69349656580166;"Amazonia";"R"
"146";"Lepidothrix_coronata";0,142857142857143;0,0782051282051282;0,684241284089758;1,98766697500242;"Andinean_Forest";"R"
"147";"Lepidothrix_nattereri";0,117647058823529;0,489583333333333;0,775604602874429;1,75476535060332;"Amazonia";"R"
"148";"Leptopogon_amaurocephalus";0,117647058823529;0,139285714285714;0,752546696632339;1,81896851165317;"Mata_Atlantica";"R"
"149";"Leptopogon_superciliaris";0,0714285714285714;0,0769230769230769;1;1;"Andinean_Forest";"R"
"150";"Leptopogon_taczanowskii";0,0714285714285714;0,0188679245283019;1;1;"Andinean_Forest";"R"
"151";"Leptotila_verreauxi";0,0588235294117647;0,0126582278481013;1;1;"Mata_Atlantica";"R"
"152";"Machaeropterus_pyrocephalus";0,0588235294117647;0,0666666666666667;1;1;"Amazonia";"R"
"153";"Machaeropterus_pyrocephalus";0,0476190476190476;0,0666666666666667;1;1;"Cerrado";"R"
"154";"Malacoptila_rufa";0,0588235294117647;0,272727272727273;1;1;"Amazonia";"R"
"155";"Megarynchus_pitangua";0,0588235294117647;0,205446906035141;1;1;"Mata_Atlantica";"R"
"156";"Metallura_tyrianthina";0,0714285714285714;0,0377358490566038;1;1;"Andinean_Forest";"M"
"157";"Microbates_collaris";0,0588235294117647;0,0476190476190476;1;1;"Amazonia";"R"
"158";"Mimus_saturninus";0,0476190476190476;0,363768115942029;1;1;"Cerrado";"R"
"159";"Mionectes_oleagineus";0,0588235294117647;0,1;1;1;"Amazonia";"R"
"160";"Mionectes_striaticollis";0,0714285714285714;0,0377358490566038;1;1;"Andinean_Forest";"R"
"161";"Molothrus_bonariensis";0,0833333333333333;0,0982142857142857;1;1;"Caatinga";"R"
"162";"Myadestes_ralloides";0,0714285714285714;0,0188679245283019;1;1;"Andinean_Forest";"R"
"163";"Myiarchus_ferox";0,0476190476190476;0,1;1;1;"Cerrado";"R"
"164";"Myiarchus_swainsoni";0,25;0,191377641965877;0,604361478310295;2,6637886067895;"Caatinga";"PM"
"165";"Myiarchus_swainsoni";0,142857142857143;0,600277916173057;0,684886695781769;2,38659931292587;"Cerrado";"PM"
"166";"Myiarchus_swainsoni";0,117647058823529;0,197868403619682;0,709950372779524;1,93395143005174;"Mata_Atlantica";"PM"
"167";"Myiarchus_tuberculifer";0,0476190476190476;0,2;1;1;"Cerrado";"R"
"168";"Myiarchus_tuberculifer";0,0588235294117647;0,0833333333333333;1;1;"Mata_Atlantica";"R"
"169";"Myiarchus_tyrannulus";0,0833333333333333;0,0714285714285714;1;1;"Caatinga";"R"
"170";"Myiarchus_tyrannulus";0,0952380952380952;0,395714285714286;0,833552451007922;1,59360581523684;"Cerrado";"R"
"171";"Myiarchus_tyrannulus";0,117647058823529;0,204541108933692;0,932309832651082;1,27492416634891;"Mata_Atlantica";"R"
"172";"Myiobius_barbatus";0,0476190476190476;0,1;1;1;"Cerrado";"R"
"173";"Myioborus_miniatus";0,0714285714285714;0,0188679245283019;1;1;"Andinean_Forest";"R"
"174";"Myiodynastes_maculatus";0,0833333333333333;0,0714285714285714;1;1;"Caatinga";"PM"
"175";"Myiodynastes_maculatus";0,0476190476190476;0,166666666666667;1;1;"Cerrado";"PM"
"176";"Myiopagis_viridicata";0,0952380952380952;0,820359052711994;0,965304242279766;1,15839923263925;"Cerrado";"PM"
"177";"Myiophobus_fasciatus";0,0476190476190476;0,205446906035141;1;1;"Cerrado";"PM"
"178";"Myiothlypis_coronata";0,0714285714285714;0,0188679245283019;1;1;"Andinean_Forest";"R"
"179";"Myiothlypis_coronatus";0,0714285714285714;0,0454545454545455;1;1;"Andinean_Forest";"R"
"180";"Myiothlypis_fraseri";0,0714285714285714;0,0188679245283019;1;1;"Andinean_Forest";"R"
"181";"Myiothlypis_nigrocristata";0,0714285714285714;0,0188679245283019;1;1;"Andinean_Forest";"R"
"182";"Myrmeciza_fortis";0,117647058823529;0,0955357142857143;0,695346636178277;1,97228598008191;"Amazonia";"R"
"183";"Myrmeciza_fortis";0,0714285714285714;0,1;1;1;"Andinean_Forest";"R"
"184";"Myrmeciza_goeldii";0,0588235294117647;0,0769230769230769;1;1;"Amazonia";"R"
"185";"Myrmeciza_hemimelaena";0,0588235294117647;0,0769230769230769;1;1;"Amazonia";"R"
"186";"Myrmoborus_myotherinus";0,294117647058824;0,181501831501832;0,459191451368208;4,40270745923829;"Amazonia";"R"
"187";"Myrmoborus_myotherinus";0,0714285714285714;0,1;1;1;"Andinean_Forest";"R"
"188";"Myrmornis_torquata";0,0588235294117647;0,0476190476190476;1;1;"Amazonia";"R"
"189";"Myrmotherula_axillaris";0,176470588235294;0,202266483516483;0,627887777097306;2,53036198571264;"Amazonia";"R"
"190";"Myrmotherula_axillaris";0,0714285714285714;0,0714285714285714;1;1;"Andinean_Forest";"R"
"191";"Myrmotherula_hauxwelli";0,117647058823529;0,0724587912087912;0,685185185185185;1,99862841462932;"Amazonia";"R"
"192";"Myrmotherula_menetriesii";0,0588235294117647;0,0384615384615385;1;1;"Amazonia";"R"
"193";"Neopelma_pallescens";0,0588235294117647;0,0253164556962025;1;1;"Mata_Atlantica";"R"
"194";"Neothraupis_fasciata";0,238095238095238;1,11631123334608;0,460355636757709;4,30044054787359;"Cerrado";"R"
"195";"Nystalus_maculatus";0,0588235294117647;0,0126582278481013;1;1;"Mata_Atlantica";"R"
"196";"Ochthoeca_rufipectoralis";0,0714285714285714;0,0188679245283019;1;1;"Andinean_Forest";"R"
"197";"Pachyramphus_polychopterus";0,166666666666667;0,409576289013629;0,963430759896174;1,1602269685343;"Caatinga";"PM"
"198";"Pachyramphus_polychopterus";0,0476190476190476;0,121256038647343;1;1;"Cerrado";"PM"
"199";"Paroaria_dominicana";0,0833333333333333;0,0714285714285714;1;1;"Caatinga";"R"
"200";"Paroaria_dominicana";0,0952380952380952;0,156684981684982;0,743083003952569;1,85472051454435;"Cerrado";"R"
"201";"Parula_pitiayumi";0,0476190476190476;0,121256038647343;1;1;"Cerrado";"R"
"202";"Passer_domesticus";0,142857142857143;0,395009581566487;0,623991773659412;2,65077737396448;"Cerrado";"PM"
"203";"Passer_domesticus";0,0588235294117647;0,616340718105424;1;1;"Mata_Atlantica";"PM"
"204";"Phaeomyias_murina";0,166666666666667;0,404400305576776;0,851315814991507;1,5210287298322;"Caatinga";"PM"
"205";"Phaeomyias_murina";0,0476190476190476;0,142857142857143;1;1;"Cerrado";"PM"
"206";"Phaethornis_baroni";0,0714285714285714;0,0208333333333333;1;1;"Andinean_Forest";"R"
"207";"Phaethornis_griseogularis";0,0714285714285714;0,0188679245283019;1;1;"Andinean_Forest";"R"
"208";"Phaethornis_guy";0,142857142857143;0,0818819545234639;0,822055994602111;1,61336220589363;"Andinean_Forest";"R"
"209";"Phaethornis_malaris";0,0714285714285714;0,0208333333333333;1;1;"Andinean_Forest";"R"
"210";"Phaethornis_striigularis";0,0714285714285714;0,0416666666666667;1;1;"Andinean_Forest";"R"
"211";"Phaethornis_superciliosus";0,0714285714285714;0,0208333333333333;1;1;"Andinean_Forest";"R"
"212";"Phaethornis_syrmatophorus";0,0714285714285714;0,0833333333333333;1;1;"Andinean_Forest";"R"
"213";"Phaethornis_yaruqui";0,0714285714285714;0,0625;1;1;"Andinean_Forest";"R"
"214";"Pheugopedius_genibarbis";0,0476190476190476;0,205446906035141;1;1;"Cerrado";"R"
"215";"Philydor_rufum";0,0588235294117647;0,142857142857143;1;1;"Mata_Atlantica";"R"
"216";"Phlegopsis_nigromaculata";0,294117647058824;0,128708791208791;0,41521558056845;4,74370005865609;"Amazonia";"R"
"217";"Pipra_erythrocephala";0,117647058823529;0,0798611111111111;0,7;1,96013170420779;"Amazonia";"R"
"218";"Pipra_erythrocephala";0,0714285714285714;0,0555555555555556;1;1;"Andinean_Forest";"R"
"219";"Pipra_fasciicauda";0,176470588235294;0,347101449275362;0,626292823277447;2,6144975462868;"Amazonia";"R"
"220";"Pipra_pipra";0,0588235294117647;0,19047619047619;1;1;"Amazonia";"R"
"221";"Pipra_rubrocapilla";0,176470588235294;0,203174603174603;0,609059492892183;2,68796811146923;"Amazonia";"R"
"222";"Pipra_rubrocapilla";0,0476190476190476;0,0666666666666667;1;1;"Cerrado";"R"
"223";"Pipreola_riefferii";0,0714285714285714;0,0188679245283019;1;1;"Andinean_Forest";"R"
"224";"Pitangus_sulphuratus";0,166666666666667;0,19651833460657;0,722886584804257;1,87654195744102;"Caatinga";"PM"
"225";"Pitangus_sulphuratus";0,0952380952380952;0,201280239368475;0,754238353465815;1,82369812120333;"Cerrado";"PM"
"226";"Pitangus_sulphuratus";0,0588235294117647;0,0126582278481013;1;1;"Mata_Atlantica";"PM"
"227";"Pithys_albifrons";0,117647058823529;0,138690476190476;0,734164786600595;1,86916416381951;"Amazonia";"R"
"228";"Pithys_albifrons";0,0714285714285714;0,0666666666666667;1;1;"Andinean_Forest";"R"
"229";"Platyrinchus_mystaceus";0,0714285714285714;0,0769230769230769;1;1;"Andinean_Forest";"R"
"230";"Polioptila_plumbea";0,0833333333333333;0,0476190476190476;1;1;"Caatinga";"R"
"231";"Polioptila_plumbea";0,0952380952380952;0,209375;0,73988416081747;1,86355680168716;"Cerrado";"R"
"232";"Psarocolius_angustifrons";0,0714285714285714;0,0769230769230769;1;1;"Andinean_Forest";"R"
"233";"Psarocolius_decumanus";0,0714285714285714;0,0769230769230769;1;1;"Andinean_Forest";"R"
"234";"Pyriglena_leuconota";0,0588235294117647;0,181818181818182;1;1;"Amazonia";"R"
"235";"Pyriglena_leucoptera";0,0476190476190476;0,363636363636364;1;1;"Cerrado";"R"
"236";"Pyriglena_leucoptera";0,0588235294117647;0,272727272727273;1;1;"Mata_Atlantica";"R"
"237";"Ramphastos_dicolorus";0,0588235294117647;0,121256038647343;1;1;"Mata_Atlantica";"R"
"238";"Ramphastos_vitellinus";0,0588235294117647;0,121256038647343;1;1;"Amazonia";"R"
"239";"Ramphocelus_carbo";0,0588235294117647;0,606280193236715;1;1;"Amazonia";"R"
"240";"Ramphotrigon_ruficauda";0,0588235294117647;0,205446906035141;1;1;"Amazonia";"R"
"241";"Rhegmatorhina_berlepschi";0,0588235294117647;0,0714285714285714;1;1;"Amazonia";"R"
"242";"Rhegmatorhina_gymnops";0,0588235294117647;0,0384615384615385;1;1;"Amazonia";"R"
"243";"Rhegmatorhina_hoffmannsi";0,0588235294117647;0,0384615384615385;1;1;"Amazonia";"R"
"244";"Rhynchocyclus_olivaceus";0,0588235294117647;0,0769230769230769;1;1;"Amazonia";"R"
"245";"Rhytipterna_simplex";0,0588235294117647;0,205446906035141;1;1;"Amazonia";"R"
"246";"Rynchops_niger";0,117647058823529;0,116791752933057;0,710123713911462;1,93349306080389;"Amazonia";"M"
"247";"Sakesphorus_cristatus";0,0952380952380952;0,0894805194805195;0,786073249207154;1,73338392431772;"Cerrado";"R"
"248";"Saltator_coerulescens";0,0588235294117647;0,0909090909090909;1;1;"Amazonia";"R"
"249";"Saltator_similis";0,0588235294117647;0,196428571428571;1;1;"Mata_Atlantica";"R"
"250";"Sayornis_nigricans";0,0714285714285714;0,0714285714285714;1;1;"Andinean_Forest";"R"
"251";"Schiffornis_virescens";0,0588235294117647;0,0982142857142857;1;1;"Mata_Atlantica";"R"
"252";"Schistochlamys_ruficapillus";0,0588235294117647;0,0126582278481013;1;1;"Mata_Atlantica";"R"
"253";"Schistocichla_humaythae";0,0588235294117647;0,0714285714285714;1;1;"Amazonia";"R"
"254";"Schoeniophylax_phryganophilus";0,0476190476190476;0,121256038647343;1;1;"Cerrado";"R"
"255";"Sclerurus_caudacutus";0,0588235294117647;0,0476190476190476;1;1;"Amazonia";"R"
"256";"Sittasomus_griseicapillus";0,0476190476190476;0,0982142857142857;1;1;"Cerrado";"R"
"257";"Sporophila_plumbea";0,0476190476190476;0,0303030303030303;1;1;"Cerrado";"R"
"258";"Stephanophorus_diadematus";0,0588235294117647;0,205446906035141;1;1;"Mata_Atlantica";"R"
"259";"Suiriri_islerorum";0,0476190476190476;0,410893812070283;1;1;"Cerrado";"R"
"260";"Synallaxis_azarae";0,0714285714285714;0,0188679245283019;1;1;"Andinean_Forest";"R"
"261";"Synallaxis_frontalis";0,0833333333333333;0,121256038647343;1;1;"Caatinga";"R"
"262";"Synallaxis_frontalis";0,0476190476190476;0,545454545454545;1;1;"Cerrado";"R"
"263";"Synallaxis_scutata";0,0952380952380952;0,262454927425516;0,696701906455358;1,98023523381331;"Cerrado";"R"
"264";"Tachuris_rubrigastra";0,0714285714285714;0,0555555555555556;1;1;"Andinean_Forest";"R"
"265";"Tachyphonus_coronatus";0,117647058823529;0,398617026355997;0,7314357232441;1,87654195744102;"Mata_Atlantica";"R"
"266";"Tachyphonus_cristatus";0,0588235294117647;0,205446906035141;1;1;"Amazonia";"R"
"267";"Tachyphonus_phoenicius";0,0952380952380952;0,200536191749427;0,735165849619383;1,87654195744102;"Cerrado";"R"
"268";"Tachyphonus_rufus";0,0588235294117647;0,0982142857142857;1;1;"Amazonia";"R"
"269";"Tachyphonus_rufus";0,0833333333333333;0,32051282051282;1;1;"Caatinga";"R"
"270";"Tachyphonus_rufus";0,176470588235294;0,305366517082257;0,675905168374163;2,18356889428501;"Mata_Atlantica";"R"
"271";"Tangara_cayana";0,0833333333333333;0,16025641025641;1;1;"Caatinga";"R"
"272";"Tangara_cayana";0,0476190476190476;0,121256038647343;1;1;"Cerrado";"R"
"273";"Tangara_cayana";0,117647058823529;0,202282349073116;0,814195298191687;1,64416032045122;"Mata_Atlantica";"R"
"274";"Tangara_cyanoptera";0,0588235294117647;0,0714285714285714;1;1;"Mata_Atlantica";"R"
"275";"Tangara_nigroviridis";0,0714285714285714;0,428571428571429;1;1;"Andinean_Forest";"R"
"276";"Tangara_sayaca";0,0588235294117647;0,0253164556962025;1;1;"Mata_Atlantica";"R"
"277";"Tangara_vassorii";0,0714285714285714;0,285714285714286;1;1;"Andinean_Forest";"R"
"278";"Tangara_viridicollis";0,0714285714285714;0,0714285714285714;1;1;"Andinean_Forest";"R"
"279";"Thamnomanes_ardesiacus";0,0588235294117647;0,1;1;1;"Amazonia";"R"
"280";"Thamnomanes_ardesiacus";0,0714285714285714;0,1;1;1;"Andinean_Forest";"R"
"281";"Thamnomanes_caesius";0,176470588235294;0,0862637362637363;0,54723982262207;2,96748494062381;"Amazonia";"R"
"282";"Thamnomanes_caesius";0,142857142857143;0,0717948717948718;0,681385143869247;1,99490012509093;"Andinean_Forest";"R"
"283";"Thamnomanes_saturninus";0,235294117647059;0,0898122710622711;0,489437662672438;3,73520038433203;"Amazonia";"R"
"284";"Thamnophilus_aethiops";0,176470588235294;0,0761217948717949;0,568648469800135;2,85671332443388;"Amazonia";"R"
"285";"Thamnophilus_aethiops";0,0714285714285714;0,0384615384615385;1;1;"Andinean_Forest";"R"
"286";"Thamnophilus_amazonicus";0,0588235294117647;0,0769230769230769;1;1;"Amazonia";"R"
"287";"Thamnophilus_ambiguus";0,0952380952380952;0,995833333333333;0,922435674702847;1,31152341404742;"Cerrado";"R"
"288";"Thamnophilus_ambiguus";0,0588235294117647;0,4375;1;1;"Mata_Atlantica";"R"
"289";"Thamnophilus_doliatus";0,0588235294117647;0,0833333333333333;1;1;"Amazonia";"R"
"290";"Thamnophilus_doliatus_capistratus";0,0588235294117647;0,0126582278481013;1;1;"Mata_Atlantica";"R"
"291";"Thamnophilus_murinus";0,0588235294117647;0,230769230769231;1;1;"Amazonia";"R"
"292";"Thamnophilus_nigrocinereus";0,235294117647059;0,185209959123003;0,532516343366962;3,43258587900913;"Amazonia";"R"
"293";"Thamnophilus_pelzelni";0,0833333333333333;0,16025641025641;1;1;"Caatinga";"R"
"294";"Thamnophilus_schistaceus";0,0588235294117647;0,153846153846154;1;1;"Amazonia";"R"
"295";"Thlypopsis_sordida";0,0952380952380952;0,0967857142857143;0,795868123638686;1,70505772276971;"Cerrado";"R"
"296";"Thraupis_cyanocephala";0,0714285714285714;0,0188679245283019;1;1;"Andinean_Forest";"R"
"297";"Thraupis_palmarum";0,0588235294117647;0,205446906035141;1;1;"Amazonia";"R"
"298";"Thraupis_sayaca";0,0588235294117647;0,0714285714285714;1;1;"Mata_Atlantica";"R"
"299";"Thryothorus_euophrys";0,0714285714285714;0,0454545454545455;1;1;"Andinean_Forest";"R"
"300";"Thryothorus_genibarbis";0,0588235294117647;0,205446906035141;1;1;"Amazonia";"R"
"301";"Thryothorus_leucotis";0,0588235294117647;0,1;1;1;"Amazonia";"R"
"302";"Thryothorus_longirostris";0,0833333333333333;0,121256038647343;1;1;"Caatinga";"R"
"303";"Tiaris_fuliginosus";0,0952380952380952;0,155345695970696;0,7108086443721;1,9426547270514;"Cerrado";"R"
"304";"Tiaris_obscura";0,0714285714285714;0,0188679245283019;1;1;"Andinean_Forest";"R"
"305";"Tolmomyias_flaviventris";0,0952380952380952;0,246428571428571;0,798145999825243;1,69843323402318;"Cerrado";"R"
"306";"Trichothraupis_melanops";0,0476190476190476;0,294642857142857;1;1;"Cerrado";"R"
"307";"Trichothraupis_melanops";0,235294117647059;0,395279595369109;0,636053631692151;2,88272639002014;"Mata_Atlantica";"R"
"308";"Troglodytes_aedon";0,285714285714286;0,589998742470996;0,662982698226334;2,55137220908628;"Andinean_Forest";"M"
"309";"Troglodytes_aedon";0,0833333333333333;0,205446906035141;1;1;"Caatinga";"M"
"310";"Troglodytes_aedon";0,0588235294117647;0,121256038647343;1;1;"Mata_Atlantica";"M"
"311";"Troglodytes_musculus";0,0588235294117647;0,616340718105424;1;1;"Mata_Atlantica";"R"
"312";"Trogon_curucui";0,176470588235294;0,311352039616349;0,715906888514452;2,15225093458178;"Mata_Atlantica";"R"
"313";"Trogon_personatus";0,0714285714285714;0,0769230769230769;1;1;"Andinean_Forest";"R"
"314";"Turdus_amaurochalinus";0,0588235294117647;0,214285714285714;1;1;"Amazonia";"PM"
"315";"Turdus_amaurochalinus";0,0952380952380952;0,138690476190476;0,715092539969633;1,93113900629386;"Cerrado";"PM"
"316";"Turdus_amaurochalinus";0,176470588235294;0,799860256388875;0,752461492563707;2,0104494721745;"Mata_Atlantica";"PM"
"317";"Turdus_flavipes";0,235294117647059;0,223198688245165;0,565500083551491;3,04324425371313;"Mata_Atlantica";"M"
"318";"Turdus_fumigatus";0,0588235294117647;0,2;1;1;"Amazonia";"R"
"319";"Turdus_hauxwelli";0,117647058823529;0,237303743961353;0,771704980562993;1,76572098730451;"Amazonia";"R"
"320";"Turdus_leucomelas";0,0952380952380952;0,6606038647343;0,852384101013337;1,5363406917513;"Cerrado";"R"
"321";"Turdus_leucomelas";0,352941176470588;0,363566890526331;0,455844370890231;4,45626996767204;"Mata_Atlantica";"R"
"322";"Turdus_leucops";0,0714285714285714;0,0454545454545455;1;1;"Andinean_Forest";"R"
"323";"Turdus_nigriceps";0,142857142857143;0,0440031666446761;0,743997059088021;1,83145251300312;"Andinean_Forest";"R"
"324";"Turdus_rufiventris";0,166666666666667;0,112327467218772;0,678644028749043;1,98898760839548;"Caatinga";"R"
"325";"Turdus_rufiventris";0,0476190476190476;0,121256038647343;1;1;"Cerrado";"R"
"326";"Turdus_rufiventris";0,117647058823529;0,0891233766233766;0,783174614227575;1,73338392431772;"Mata_Atlantica";"R"
"327";"Turdus_serranus";0,0714285714285714;0,0188679245283019;1;1;"Andinean_Forest";"R"
"328";"Turdus_subalaris";0,0476190476190476;0,0285714285714286;1;1;"Cerrado";"PM"
"329";"Tyrannus_melancholicus";0,0833333333333333;0,205446906035141;1;1;"Caatinga";"PM"
"330";"Tyrannus_melancholicus";0,0476190476190476;0,166666666666667;1;1;"Cerrado";"PM"
"331";"Tyrannus_melancholicus";0,0588235294117647;0,205446906035141;1;1;"Mata_Atlantica";"PM"
"332";"Veniliornis_affinis";0,0833333333333333;0,0588235294117647;1;1;"Caatinga";"R"
"333";"Veniliornis_passerinus";0,0833333333333333;0,0588235294117647;1;1;"Caatinga";"R"
"334";"Vireo_olivaceus";0,0714285714285714;0,0714285714285714;1;1;"Andinean_Forest";"M"
"335";"Vireo_olivaceus";0,0588235294117647;0,242512077294686;1;1;"Mata_Atlantica";"M"
"336";"Volatinia_jacarina";0,333333333333333;0,173969084339928;0,504262745693463;3,39349063415525;"Caatinga";"R"
"337";"Volatinia_jacarina";0,19047619047619;0,479207760838196;0,687587007363141;2,58144817647882;"Cerrado";"R"
"338";"Willisornis_poecilinotus";0,176470588235294;0,105769230769231;0,553283335172488;2,94171342108318;"Amazonia";"R"
"339";"Willisornis_poecilinotus";0,0714285714285714;0,0384615384615385;1;1;"Andinean_Forest";"R"
"340";"Xiphorhynchus_elegans";0,0588235294117647;0,0384615384615385;1;1;"Amazonia";"R"
"341";"Xiphorhynchus_ocellatus";0,0588235294117647;0,121256038647343;1;1;"Amazonia";"R"
"342";"Zonotrichia_capensis";0,0714285714285714;0,227272727272727;1;1;"Andinean_Forest";"R"
"343";"Zonotrichia_capensis";0,166666666666667;0,202849503437739;0,875295957734965;1,44928406692765;"Caatinga";"R"
"344";"Zonotrichia_capensis";0,19047619047619;0,695947585236588;0,606804330344896;2,86926460940545;"Cerrado";"R"
"345";"Zonotrichia_capensis";0,117647058823529;0,22967164566749;0,687304221935857;1,99315760430134;"Mata_Atlantica";"R"
